restaurant,tags
23번지 남산돈까스 본점,"관광맛집,주차가능,가족외식"
3대삼계장인,"주차가능,가족외식,회식"
3일한우국밥,"관광맛집,회식,가족외식"
889와규,"데이트,웨이팅맛집,회식"
9237 노원본점,"회식,주차가능,데이트"
JW메리어트호텔서울 플레이버즈,"혼밥,무한리필, 뷔페,회식"
js가든 잠원점,"가족외식,주차가능,회식"
가담,"주차가능,회식,가족외식"
가마솥손두부,"가족외식,관광맛집,데이트"
가메골손왕만두 남대문본점,"관광맛집,회식,주차가능"
가미우동,"혼밥,가족외식,회식"
가부 본점,"가족외식,회식,주차가능"
가산물갈비&즉석소불고기,"회식,가족외식,혼밥"
가산어시장,"회식,가족외식,친구모임"
가야촌유황오리 대방점,"가족외식,친구모임,회식"
가양칼국수,"회식,무한리필, 뷔페"
가원 망원본점,"혼밥,가족외식,친구모임"
가춘,"혼밥,회식"
가츠오,"회식,웨이팅맛집,주차가능"
각시보쌈,"회식,가족외식,주차가능"
감동식당,"가족외식,회식,주차가능"
감초식당,"관광맛집,데이트,가족외식"
갓덴스시 강남점,"회식,혼밥,가족외식"
갓덴스시 롯데월드몰점,"회식,혼밥,웨이팅맛집"
갓잇 송리단길점,"웨이팅맛집,회식,주차가능"
강강술래 당산점,"회식,가족외식,친구모임"
강강술래 신림점,"가족외식,주차가능,회식"
강강술래 청담점,"가족외식,회식,주차가능"
강나루유황오리주물럭 본점,가족외식
강남,"회식,가족외식,주차가능"
강남진해장,"회식,주차가능,가족외식"
강동원,"주차가능,관광맛집,혼밥"
강뚝꼬치구이전문점,"주차가능,가족외식,회식"
강씨네닭발 본점,"친구모임,회식,주차가능"
강정이넘치는집 청담점,"가족외식,친구모임,데이트"
강촌숯불닭갈비 본점,"회식,친구모임,혼밥"
강촌원조쭈꾸미 본점,"가족외식,회식,주차가능"
개성손만두 공항점,"가족외식,혼밥,회식"
개성손만두요리전문점 가산디지털점,"혼밥,회식"
갯마을 한강로점,가족외식
갱생,"친구모임,가족외식,회식"
거북이삼겹살,"회식,주차가능,가족외식"
경동시장 평양냉면,"관광맛집,가족외식,친구모임"
경동한우정육식당,"회식,가족외식,주차가능"
경북손칼국수,"혼밥,주차가능,가족외식"
경원치킨 본점,"가족외식,회식,주차가능"
경천애인2237 삼성본점,"회식,혼밥,가족외식"
고고기,"혼밥,데이트,회식"
고기굽는놈,"회식,주차가능,가족외식"
고기굽는방앗간 이수역점,"가족외식,회식,혼밥"
고기굽는사람들 샤로수길본점,"회식,가족외식,주차가능"
고기튀김,"관광맛집,친구모임"
고냉지,
고도식 잠실점,"회식,혼밥,데이트"
고래맥주창고 한성대점,"가족외식,회식,주차가능"
고릴라,"가족외식,회식,주차가능"
고메램 강남점,"친구모임,데이트,회식"
고메스퀘어 신대방점,"혼밥,회식,무한리필, 뷔페"
고바우,"가족외식,회식,주차가능"
고방채 동여의도본점,"회식,가족외식,친구모임"
고삼이 신촌점,"혼밥,회식,데이트"
고성소머리국밥,"가족외식,회식,혼밥"
고우가 여의도점,"데이트,가족외식,회식"
고인돌,"가족외식,주차가능,회식"
고추동제면소,"혼밥,회식,친구모임"
고향집,"가족외식,관광맛집,회식"
골드식당,"가족외식,혼밥,무한리필, 뷔페"
골드피쉬딤섬퀴진,"회식,친구모임,주차가능"
골목오리집,"회식,가족외식,웨이팅맛집"
골목집,"주차가능,가족외식,회식"
골목집갈비살 연신내본점,
곱창이곶,"회식,데이트,가족외식"
공릉닭한마리,"가족외식,회식,주차가능"
공리 강남구청역점,"혼밥,가족외식,회식"
공주칼국수,"혼밥,가족외식,회식"
공푸,"친구모임,웨이팅맛집"
공항칼국수,"주차가능,가족외식,회식"
광어2마리15000원,"친구모임,혼밥,회식"
광장수제갈비,"혼밥,가족외식,친구모임"
광장시장찹쌀꽈배기,"관광맛집,웨이팅맛집,주차가능"
광장시장통큰누이네육회빈대떡,"주차가능,관광맛집,가족외식"
광주식당,"관광맛집,혼밥,데이트"
광해즉석떡볶이,"회식,혼밥,웨이팅맛집"
광화문국밥 본점,"회식,가족외식,주차가능"
광화문뚝감,"회식,혼밥,친구모임"
광화문미진 본점,"회식,가족외식,웨이팅맛집"
교대이층집 상암점,"회식,가족외식,주차가능"
교토마블 이촌점,"가족외식,회식,주차가능"
구름떡,가족외식
구복만두 숙대본점,"웨이팅맛집,가족외식,회식"
국민회관,"회식,친구모임,가족외식"
국시집,"가족외식,회식,주차가능"
군산찜,"회식,주차가능,가족외식"
군자대한곱창 본점,"친구모임,데이트,가족외식"
군자오리촌,"가족외식,회식,친구모임"
굴다리소곱창,"회식,가족외식,주차가능"
굴사냥 화곡본동점,"회식,가족외식,주차가능"
권식족발,"회식,주차가능,데이트"
그랜드인터컨티넨탈 서울파르나스 그랜드키친,"무한리필, 뷔페,회식,혼밥"
그릴1492 본점,"웨이팅맛집,회식,친구모임"
그믐족발 본점,"회식,혼밥,데이트"
그집 돼지 본점,"가족외식,회식,웨이팅맛집"
글로리식당,"데이트,회식,가족외식"
금돈옥 청담점,"주차가능,가족외식,회식"
금돼지식당,"웨이팅맛집,혼밥,가족외식"
금석궁,"가족외식,친구모임,회식"
금성관,"관광맛집,가족외식,주차가능"
기노,"가족외식,웨이팅맛집,회식"
기와,"가족외식,회식,웨이팅맛집"
기와집사천요리,"회식,주차가능,데이트"
기절초풍왕순대,
기절초풍왕순대 상도직영점,"회식,가족외식,주차가능"
기태만두,"관광맛집,웨이팅맛집,데이트"
길목,"회식,웨이팅맛집,친구모임"
김가네곱창구이 대림역본점,"데이트,회식,가족외식"
김경애떡방,"주차가능,가족외식,회식"
김돈이 본점,"회식,가족외식,친구모임"
김밥예쁘게드세요,"회식,혼밥,가족외식"
김선장참치,"무한리필, 뷔페,웨이팅맛집,친구모임"
김영모과자점 대치점,"회식,혼밥,가족외식"
김영섭초밥,"회식,가족외식,주차가능"
김용기과자점,가족외식
김진목삼,"웨이팅맛집,회식,혼밥"
김진환제과점,"가족외식,회식,주차가능"
김태완스시 방배본점,"가족외식,회식,주차가능"
김통,"회식,가족외식,웨이팅맛집"
김희라 한국식왕돈까스,"혼밥,가족외식,회식"
까르니브라질그릴,"무한리필, 뷔페,회식,혼밥"
까사아지오 성수본점,"데이트,주차가능,회식"
까이식당,"혼밥,회식,데이트"
까치네,데이트
까치집,회식
깐깐 구의이스트폴점,"가족외식,데이트,주차가능"
깔리,"가족외식,주차가능,혼밥"
깔리 사당점,"데이트,혼밥,회식"
깡통만두,"회식,혼밥,친구모임"
꼬숑돈까스,"가족외식,회식,주차가능"
꾸왁칼국수,"혼밥,친구모임,회식"
꾸울떡,"데이트,친구모임"
꾸이꾸이돼지촌쭈꾸미 본점,"주차가능,회식,가족외식"
꿉당 신사점,"웨이팅맛집,주차가능,데이트"
꿰레,"주차가능,회식,가족외식"
끄트머리집,"혼밥,데이트,가족외식"
나누미떡볶이 성대본점,"데이트,가족외식,회식"
나따드나따,"회식,가족외식,주차가능"
나라구한닭정통닭갈비 왕십리점,"회식,혼밥,가족외식"
나정순할매쭈꾸미,"회식,혼밥,데이트"
나폴레옹과자점 성북본점,"주차가능,가족외식,회식"
낙산냉면,"가족외식,회식,주차가능"
낙지한마리수제비 상도,"혼밥,가족외식,친구모임"
남경반점,"회식,주차가능,가족외식"
남미플랜트랩,"친구모임,가족외식,회식"
남영돈,"웨이팅맛집,회식,가족외식"
남원통닭 별관,"데이트,웨이팅맛집,관광맛집"
남포면옥,"웨이팅맛집,회식,혼밥"
남화루,"회식,혼밥,가족외식"
너랑나랑호프 망원점,"가족외식,회식,주차가능"
노랑저고리 강남점,"친구모임,가족외식,데이트"
노원목고기집,"주차가능,가족외식,회식"
노을집,"웨이팅맛집,혼밥,회식"
노이덴,"혼밥,데이트,친구모임"
농민백암순대 강남직영점,"회식,혼밥,데이트"
농민백암순대 본점,"회식,혼밥,웨이팅맛집"
농민백암순대 시청직영점,"혼밥,회식,웨이팅맛집"
농부쌈밥,"가족외식,회식,주차가능"
농장사람들 보라매역점,"회식,가족외식,주차가능"
농장사람들 상도점,"가족외식,친구모임,회식"
누메로도스,"웨이팅맛집,주차가능,가족외식"
늘푸른목장 상암점,"회식,가족외식,주차가능"
늘푸른목장 잠실본점,"주차가능,회식,가족외식"
능동미나리,"가족외식,회식,웨이팅맛집"
능동미나리 성수점,"회식,주차가능,가족외식"
능동미나리 여의도점,"웨이팅맛집,회식,가족외식"
능라도 강남점,"주차가능,회식,가족외식"
능라밥상,"주차가능,가족외식,회식"
능이버섯백숙,가족외식
니하오중국손만두,"가족외식,친구모임,회식"
니하우,"회식,혼밥,친구모임"
다래식당,"혼밥,가족외식,회식"
다리원,"회식,혼밥,가족외식"
다솜자연밥상,"회식,혼밥,가족외식"
다야,"가족외식,친구모임,관광맛집"
다온상회,"웨이팅맛집,가족외식,주차가능"
다이닝원 상암점,"무한리필, 뷔페,가족외식,회식"
다이닝원 청량리점,"무한리필, 뷔페,가족외식,회식"
다퍼줘,"관광맛집,데이트,가족외식"
단디 송리단길본점,"회식,혼밥,데이트"
단박왕돈까스,"가족외식,주차가능,회식"
달인꽈배기,"회식,관광맛집,혼밥"
담은국밥 대치본점,"가족외식,회식,주차가능"
담택 본점,"주차가능,가족외식,회식"
당가원,"회식,가족외식,주차가능"
당산빨간주꾸미,"회식,혼밥,가족외식"
당산옛날곱창,"회식,주차가능,가족외식"
당산원조곱창,"회식,가족외식,친구모임"
대가,"회식,주차가능,가족외식"
대가방 본점,"회식,주차가능,가족외식"
대관원,"회식,데이트,가족외식"
대구참막창 중곡본점,"회식,가족외식,주차가능"
대나무골,"가족외식,혼밥,웨이팅맛집"
대두족발,"회식,가족외식,혼밥"
대련집,"회식,혼밥,가족외식"
대명소곱창,"회식,혼밥,주차가능"
대박곱창 본사직영점,"회식,웨이팅맛집"
대박굼터,"회식,가족외식,주차가능"
대박포차,"친구모임,데이트,주차가능"
대성갈비,"가족외식,회식,웨이팅맛집"
대성식당,"주차가능,가족외식,회식"
대성집,"회식,혼밥,가족외식"
대우부대찌개,"가족외식,회식,혼밥"
대원식당,"혼밥,회식,가족외식"
대원칼국수,"혼밥,데이트,가족외식"
대치동꽈배기,"데이트,가족외식"
대치사월에보리밥,"가족외식,친구모임,무한리필, 뷔페"
대판수사,"회식,친구모임,혼밥"
대포항,"관광맛집,가족외식,주차가능"
대한옥,"주차가능,가족외식,회식"
대호아구집,"회식,가족외식,혼밥"
대홍훠궈샤브샤브 목동점,"무한리필, 뷔페,가족외식,회식"
대화정진짜해장국,"데이트,혼밥,관광맛집"
댓짱돈까스 방배본점,"가족외식,혼밥,회식"
더낙원양꼬치,"무한리필, 뷔페,데이트,가족외식"
더도이축산직영점 신촌본점,"친구모임,웨이팅맛집,데이트"
더라운드 삼성점,"가족외식,회식,친구모임"
더브래드팬트리,"가족외식,회식,주차가능"
더우리곱창,"관광맛집,데이트"
더진미평냉,친구모임
덕송숯불갈비,"친구모임,혼밥"
덕수정,"회식,혼밥,웨이팅맛집"
데블스도어 센트럴시티점,"데이트,가족외식,친구모임"
도깨비손칼국수 본사직영점,
도동집,"회식,혼밥,친구모임"
도량,"웨이팅맛집,친구모임,관광맛집"
도마 인사점,"웨이팅맛집,회식,혼밥"
도마 중림점,"혼밥,회식,친구모임"
도삭면공방,"웨이팅맛집,혼밥,데이트"
도셰프,"혼밥,데이트,가족외식"
도시의어부 상암점,"회식,가족외식,주차가능"
도야지,"회식,가족외식,주차가능"
도일처,"가족외식,관광맛집,회식"
도치피자 강변,"데이트,회식,주차가능"
도치피자 장충,"가족외식,회식,주차가능"
도톰 본점,"회식,혼밥,웨이팅맛집"
독립밀방,"데이트,회식,가족외식"
독박골맛있는집,"회식,혼밥,웨이팅맛집"
돈오리,"회식,가족외식,친구모임"
동강나루터,"회식,주차가능,가족외식"
동경우동,"혼밥,회식,데이트"
동경화로 문래점,"회식,주차가능,가족외식"
동남집 2호점,"가족외식,주차가능,회식"
동대닭한마리 본점,"가족외식,회식,주차가능"
동래복국 동대문점,"데이트,친구모임,회식"
동묘가라지,"관광맛집,데이트,혼밥"
동묘마케트,"데이트,가족외식,회식"
동묘문,웨이팅맛집
동묘집,"관광맛집,주차가능,데이트"
동북화과왕,"회식,데이트,가족외식"
동서울손칼국수,회식
동순각,"관광맛집,가족외식,회식"
동영숯불갈비,"가족외식,회식,주차가능"
동해반점,"데이트,혼밥,회식"
돝고기506,"회식,가족외식,주차가능"
두만강샤브샤브&중화요리,"가족외식,친구모임,회식"
두툼,"회식,혼밥,무한리필, 뷔페"
등나무집,"가족외식,회식,혼밥"
디라이프 스타일키친 광화문점,"데이트,회식,혼밥"
디오디아2.0,"무한리필, 뷔페,회식,혼밥"
땀땀 본점,"혼밥,회식,가족외식"
땅코참숯구이 노원점,"친구모임,회식"
땅코참숯구이 본점,"회식,주차가능,가족외식"
또순이네 양평동점,"회식,가족외식,주차가능"
뚝배기집,"회식,혼밥,가족외식"
뚱뚱이할머니집,"회식,친구모임,웨이팅맛집"
라구뜨,"무한리필, 뷔페,혼밥,회식"
라구식당,"데이트,회식,친구모임"
라꾸긴,"회식,웨이팅맛집,혼밥"
라라면가,"친구모임,혼밥,회식"
라마노피자,"웨이팅맛집,회식,주차가능"
라메흐꺄도,"가족외식,회식,주차가능"
라면점빵,"혼밥,회식,웨이팅맛집"
라이라이켄,"혼밥,데이트,회식"
라쿠라쿠,"관광맛집,데이트,가족외식"
락희안 목동직영점,"혼밥,회식,웨이팅맛집"
락희옥 마포본점,"혼밥,회식,웨이팅맛집"
락희옥 서초교대역지점,"친구모임,회식,혼밥"
란주칼면,"가족외식,회식,웨이팅맛집"
러스트베이커리,"주차가능,데이트,가족외식"
레몬그라스타이,"친구모임,데이트,가족외식"
로니로티 건대점,"회식,가족외식,친구모임"
로니로티 노원점,"데이트,가족외식,친구모임"
로리스더프라임립,"혼밥,회식,데이트"
로마옥 도곡,"데이트,주차가능,가족외식"
롯데호텔서울 라세느,"무한리필, 뷔페,혼밥,회식"
롯데호텔월드 라세느,"가족외식,혼밥,회식"
루싱,"회식,친구모임,가족외식"
루엘드파리 서초본점,"회식,주차가능,혼밥"
르미야,"데이트,회식,가족외식"
르번미 동부이촌점,"웨이팅맛집,혼밥,데이트"
르뵈프,"혼밥,데이트,가족외식"
르빵프레 중곡점,"웨이팅맛집,회식"
르프리크,"회식,데이트,가족외식"
리북집 논현직영점,"혼밥,회식,관광맛집"
리에또,"데이트,가족외식,혼밥"
리틀크레이지피자 이수점,"가족외식,회식,주차가능"
마노디셰프 강남점,"데이트,회식,혼밥"
마노디셰프 삼성점,"데이트,친구모임,웨이팅맛집"
마노디셰프 잠실점,"회식,가족외식,주차가능"
마뇨떡볶이 신림점,"무한리필, 뷔페,회식,혼밥"
마담밍 선릉점,"회식,혼밥,가족외식"
마루스시,"주차가능,혼밥,가족외식"
마루심 마포점,"회식,주차가능,가족외식"
마루심 반포점,"주차가능,회식,데이트"
마마수제만두,"가족외식,회식,주차가능"
마망젤라또 성수점,"가족외식,회식,웨이팅맛집"
마복림할머니집,"가족외식,회식,주차가능"
마장동김씨 구로디지털점,"회식,혼밥,데이트"
마초 스테이크,"회식,주차가능,가족외식"
마포곱창타운,"회식,가족외식,친구모임"
마포나루 도화본점,"회식,가족외식,친구모임"
마포대도소곱창,"친구모임,회식"
마포분식,"회식,주차가능,혼밥"
마포양지설렁탕 도화점,"혼밥,데이트,회식"
마포옥,"주차가능,가족외식,회식"
마포원조떡볶이,"회식,혼밥,웨이팅맛집"
막불감동,"회식,가족외식,주차가능"
만경양육관,"회식,주차가능,가족외식"
만나떡볶이,"회식,주차가능,가족외식"
만나식당,"가족외식,회식,주차가능"
만다린,
만동제과,"회식,가족외식,주차가능"
만두전빵,"회식,가족외식,웨이팅맛집"
만리재비스트로,"데이트,가족외식,회식"
만배아리랑보쌈 본점,"회식,가족외식,주차가능"
만성찬팅,"데이트,친구모임,관광맛집"
만족오향족발 시청점,"웨이팅맛집,혼밥,회식"
만포막국수,"회식,주차가능,가족외식"
맛뿔감자탕,웨이팅맛집
맛스구라멘,"혼밥,회식,친구모임"
맛짱조개,"웨이팅맛집,데이트,가족외식"
망원동 즉석우동 전문돈까스 본점,"혼밥,웨이팅맛집,회식"
망원시장손칼국수,"관광맛집,가족외식,회식"
매운향솥,"회식,웨이팅맛집,주차가능"
맥도날드 방배점,"회식,가족외식,주차가능"
맥도날드 보라매점,혼밥
맥도날드 송정역점,"웨이팅맛집,친구모임,회식"
메밀마을,"관광맛집,가족외식"
메이탄,"가족외식,친구모임,데이트"
메종조 서초,"친구모임,회식,혼밥"
멕시칼리,"가족외식,회식,주차가능"
명가들깨칼국수 양평점,"주차가능,회식,가족외식"
명가원설농탕 대치점,"주차가능,혼밥,가족외식"
명동관,"친구모임,가족외식,웨이팅맛집"
명동교자 명동역점 신관 본점,"회식,혼밥,주차가능"
명동교자 분점,웨이팅맛집
명동닭한마리 본점,"회식,데이트,웨이팅맛집"
명동정,"주차가능,가족외식,회식"
명문막국수,"회식,주차가능,가족외식"
명원숯불갈비,"가족외식,주차가능,회식"
명품양꼬치,"회식,데이트,가족외식"
명화원,"가족외식,회식,주차가능"
모꼬지에,"웨이팅맛집,관광맛집,데이트"
모던눌랑 센트럴시티점,"데이트,친구모임,가족외식"
모던샤브하우스 센트럴시티점,"무한리필, 뷔페,주차가능,데이트"
모모야 이촌동본점,"가족외식,회식,주차가능"
모스키친,"혼밥,회식,주차가능"
모연,"가족외식,혼밥,회식"
모음,"가족외식,친구모임,데이트"
모힝비스트로,"데이트,웨이팅맛집,회식"
목노집,"회식,친구모임"
목동만복순대국 본점,"회식,가족외식,주차가능"
목멱산방,"관광맛집,웨이팅맛집,데이트"
목포낙지마을,"회식,친구모임,혼밥"
몽미,"회식,가족외식,주차가능"
몽중헌 공덕점,"가족외식,회식,주차가능"
몽중헌 대치점,"가족외식,친구모임,회식"
몽중헌 방이점,"가족외식,주차가능,웨이팅맛집"
몽중헌 청담점,"주차가능,가족외식,회식"
몽탄,"회식,혼밥,가족외식"
무교동낙지 구의점,"가족외식,회식,주차가능"
무교동북어국집,"회식,혼밥,가족외식"
무명스키야키,"데이트,가족외식,혼밥"
무오키,"웨이팅맛집,혼밥,주차가능"
무한쌈밥집,"무한리필, 뷔페,주차가능,혼밥"
묵자식당,"혼밥,데이트,가족외식"
문래그집,"가족외식,회식,주차가능"
문래돼지불백,"혼밥,주차가능,관광맛집"
문배동육칼 본점,"주차가능,혼밥,회식"
문정곱창,"회식,친구모임,웨이팅맛집"
물찬조개,"회식,가족외식,주차가능"
미가양꼬치,"회식,웨이팅맛집,가족외식"
미각,
미강식당,"가족외식,회식,웨이팅맛집"
미나미,"혼밥,가족외식,회식"
미성옥,혼밥
미성중국관,"회식,데이트,가족외식"
미스터서왕만두,"가족외식,관광맛집"
미식가양꼬치,"친구모임,회식,가족외식"
미쓰양꼬치,"친구모임,회식,가족외식"
미테이블 성수본점,"혼밥,데이트,회식"
밀도 성수본점,"가족외식,회식"
밀짚모자,"데이트,관광맛집"
밍글스,"웨이팅맛집,혼밥,회식"
바 다빈치,"데이트,회식,주차가능"
바게트케이,"혼밥,친구모임,회식"
바게틴,"웨이팅맛집,가족외식,회식"
바르미 심비디움 구의점,"회식,무한리필, 뷔페,혼밥"
바르미샤브샤브n칼국수 구의점,"무한리필, 뷔페,가족외식,회식"
바른식 시골보쌈&감자옹심이 사당역별관점,"친구모임,회식,데이트"
바른식시골보쌈&감자옹심이 교대점,"회식,혼밥,주차가능"
바바인디아 강남역점,"회식,주차가능,가족외식"
바이킹스워프 잠실 헤리티지점,"웨이팅맛집,무한리필, 뷔페,회식"
백경식당,"회식,혼밥,데이트"
백년옥 본관,"주차가능,회식,가족외식"
백령도바지락칼국수,"가족외식,주차가능,회식"
백부장집닭한마리 본관,"주차가능,가족외식,회식"
백산식당,"웨이팅맛집,친구모임,회식"
백송,"회식,혼밥,데이트"
백암왕순대,"회식,혼밥,가족외식"
백일도,"관광맛집,가족외식,회식"
백제정육점,"혼밥,회식,데이트"
뱃고동,"혼밥,회식,웨이팅맛집"
뱅뱅막국수,"회식,혼밥,가족외식"
뱅스시,"혼밥,회식,주차가능"
버거인,"가족외식,회식,친구모임"
버거파크 혜화점,"혼밥,데이트,가족외식"
버드나무집 서초본점,"웨이팅맛집,가족외식,주차가능"
범가,"가족외식,데이트,회식"
벙구갈비,"가족외식,회식,웨이팅맛집"
베리키친,"데이트,친구모임,회식"
베이징 화곡본점,"주차가능,가족외식,회식"
베이컨시,"데이트,회식,웨이팅맛집"
베통키츠네트 신세계백화점 강남점,"혼밥,회식,친구모임"
벤베누토,"데이트,친구모임,가족외식"
벱,"회식,주차가능,가족외식"
별미볶음점 본점,"회식,혼밥,주차가능"
별양집,"회식,데이트,친구모임"
보노보노 삼성점,"회식,가족외식,무한리필, 뷔페"
보들이족발,"친구모임,가족외식,회식"
보들이쭈꾸미,"가족외식,회식,주차가능"
복돈이부추삼겹살 사당본점,"웨이팅맛집,회식,친구모임"
복성각 마포본점,"가족외식,주차가능,회식"
복성각 서대문점,"회식,가족외식,친구모임"
복성루샤부샤부성,"무한리필, 뷔페,친구모임"
본가진미간장게장,"가족외식,회식,주차가능"
봄날의 햇살,"가족외식,관광맛집,회식"
봉까스,"혼밥,회식,가족외식"
봉밀가 강남구청점,"웨이팅맛집,가족외식,회식"
봉산옥 서초동본점,"주차가능,회식,웨이팅맛집"
봉선마라탕,"회식,데이트,가족외식"
봉쥬떡볶이,"데이트,가족외식,회식"
봉평 옹심이메밀칼국수,"혼밥,가족외식,관광맛집"
봉평옹심이막국수,"회식,가족외식,웨이팅맛집"
봉피양 대치점,"주차가능,가족외식,회식"
봉피양 마포점,"가족외식,주차가능,회식"
봉피양 용산점,"가족외식,주차가능,회식"
부민옥,"주차가능,혼밥,가족외식"
부부식당,"주차가능,가족외식,회식"
부일숯불갈비,"회식,웨이팅맛집,가족외식"
부촌육회,"주차가능,가족외식,회식"
부타이 1막,"혼밥,회식,주차가능"
북경,"관광맛집,주차가능,가족외식"
북경대반점,"가족외식,혼밥,회식"
북성해장국,"회식,혼밥,가족외식"
불광옥,"회식,주차가능,데이트"
불이아 교대점,"웨이팅맛집,회식,주차가능"
불이아 역삼점,"회식,주차가능,가족외식"
불타는소금구이 상도동점,"회식,혼밥,주차가능"
브레드덕,"가족외식,회식,웨이팅맛집"
비밀베이커리 이대점,혼밥
비사벌 전주콩나물국밥,"혼밥,회식"
비야게레로,"혼밥,회식,웨이팅맛집"
비에이치테이블,"회식,혼밥,가족외식"
빈빈양꼬치,"회식,웨이팅맛집,혼밥"
빕스 반포역점,"혼밥,회식,가족외식"
빠넬로,"웨이팅맛집,가족외식,회식"
빠우 을지로점,"회식,혼밥,가족외식"
빨간오뎅부산어묵 개포점,"관광맛집,회식,가족외식"
뺑드미제빵소 한양대점,
뽀빠이기사식당,"회식,가족외식,데이트"
뽀빠이분식,"회식,혼밥,가족외식"
뽐모도로,"웨이팅맛집,혼밥,회식"
뽕나무쟁이 선릉본점,"친구모임,데이트,회식"
뽕사부 교대점,"가족외식,회식,친구모임"
쁘띠문래,"데이트,혼밥,웨이팅맛집"
사계진미숯불닭갈비 구로디지털점,"회식,무한리필, 뷔페,주차가능"
사랑방칼국수,"혼밥,회식,가족외식"
사리원,"가족외식,주차가능,혼밥"
사마르칸트 본점,"데이트,혼밥,가족외식"
사마르칸트시티,"회식,데이트,가족외식"
사발,"가족외식,회식,주차가능"
사사노하,"웨이팅맛집,회식,혼밥"
사조미가,"가족외식,친구모임,회식"
삭,"가족외식,회식,주차가능"
산골닭갈비,"회식,주차가능,가족외식"
산들해 반포점,"가족외식,회식,주차가능"
산들해 송파점,"가족외식,회식,주차가능"
산들해 양재동점,"가족외식,친구모임,웨이팅맛집"
산울,"주차가능,데이트,가족외식"
산월수제비,"가족외식,회식,주차가능"
산하신승부 대림본점,"무한리필, 뷔페,가족외식,회식"
산호키,"혼밥,친구모임,주차가능"
살롱순라,"데이트,회식,가족외식"
삼각지원대구탕 본점,"혼밥,데이트,회식"
삼거리먼지막순대국,"주차가능,가족외식,회식"
삼숙이갈비 본점,"회식,혼밥,데이트"
삼우치킨센타,"가족외식,회식,주차가능"
삼원가든,"혼밥,가족외식,친구모임"
삼육가 사당역1호점,"가족외식,친구모임,회식"
삿뽀로 방이점,"가족외식,친구모임,회식"
상구네집,"회식,가족외식,데이트"
상남스시,"웨이팅맛집,회식,가족외식"
상도곱창,"회식,가족외식,주차가능"
상도실내포장마차,"주차가능,가족외식,회식"
상도정,"혼밥,데이트,친구모임"
상암해물,"회식,친구모임,웨이팅맛집"
새맛식당,"가족외식,친구모임,회식"
새벽집 청담점,"회식,데이트,가족외식"
샘밭막국수 서초점,"회식,혼밥,가족외식"
생생아구,"가족외식,주차가능,회식"
생앤맥주판,"무한리필, 뷔페,혼밥,회식"
샤리스시,"데이트,혼밥,가족외식"
서관면옥 교대본점,"혼밥,회식,주차가능"
서령,"웨이팅맛집,혼밥,회식"
서민준밀밭,"관광맛집,혼밥,데이트"
서북면옥,"주차가능,가족외식,회식"
서우얼큰칼국수,"가족외식,회식,혼밥"
서울갈비 신림점,"회식,주차가능,가족외식"
서울다이닝,"데이트,웨이팅맛집,혼밥"
서울밥집,"혼밥,관광맛집,회식"
서울뼈구이 본점,"회식,웨이팅맛집,혼밥"
서울신라호텔 더 파크뷰,"무한리필, 뷔페,회식,혼밥"
서울집시 서순라길점,"데이트,주차가능,가족외식"
서일순대국 구로점,"회식,혼밥,가족외식"
서일순대국 별관,"가족외식,회식,주차가능"
서일순대국 본관,"회식,가족외식,주차가능"
서초면옥 서초본점,"가족외식,회식,주차가능"
서촌계단집,"회식,가족외식,주차가능"
서호파이,"혼밥,웨이팅맛집,회식"
석교식당,"가족외식,회식,주차가능"
선비네,"가족외식,주차가능,관광맛집"
선화의고기 방배본점,"혼밥,가족외식,친구모임"
설눈,"혼밥,회식,데이트"
설마중,"회식,가족외식,주차가능"
섬집,"가족외식,회식,친구모임"
성민양꼬치 본점,"회식,데이트,가족외식"
성산왕갈비,"회식,혼밥,가족외식"
성수베이킹스튜디오,데이트
성수아구찜탕,"데이트,회식,주차가능"
성수족발,"웨이팅맛집,주차가능,가족외식"
성천막국수 논현점,"혼밥,회식,가족외식"
세상끝의라멘,"혼밥,웨이팅맛집,데이트"
세스크멘슬 본점,"회식,웨이팅맛집,혼밥"
세이류,"혼밥,웨이팅맛집,회식"
세종대왕 숯불갈비 보라매점,"회식,가족외식,친구모임"
세종한우 학동역점,"회식,혼밥,웨이팅맛집"
소금집델리 망원,관광맛집
소금집델리 안국,"가족외식,회식,주차가능"
소담촌 노원역점,"가족외식,무한리필, 뷔페,주차가능"
소담촌 보라매역점,"가족외식,회식,주차가능"
소담촌 사당직영점,"무한리필, 뷔페,주차가능,가족외식"
소담촌 오목교점,"가족외식,주차가능,회식"
소랑도,"웨이팅맛집,가족외식,회식"
소문난성수감자탕,"회식,가족외식,주차가능"
소문난식당,"주차가능,혼밥,회식"
소보로식당,"가족외식,회식,주차가능"
소비니식당정육점,"웨이팅맛집,데이트,회식"
소신이쏘 신촌점,"웨이팅맛집,회식,데이트"
소심당,"주차가능,가족외식,회식"
소연 서초점,"회식,주차가능,가족외식"
소울버킷 서초교대,"혼밥,데이트,친구모임"
속초어시장 방배점,"회식,데이트,혼밥"
속초오징어어시장 사당점,"회식,가족외식,친구모임"
손문 대구막창 갈매기살,"가족외식,웨이팅맛집,친구모임"
손수메밀우동손만두,"가족외식,데이트,친구모임"
손칼국수,"관광맛집,가족외식,혼밥"
솔트24 동숭동본점,"회식,주차가능,가족외식"
송도갈비 광장점,"가족외식,혼밥,친구모임"
송림식당,"가족외식,혼밥,데이트"
송쉐프 구의점,"친구모임,주차가능,혼밥"
송죽장,"주차가능,웨이팅맛집,가족외식"
송파감자국,"가족외식,회식,주차가능"
송화산시도삭면 2호점,"가족외식,회식,주차가능"
송화양꼬치,"회식,웨이팅맛집,친구모임"
수가성순두부전문점,"혼밥,회식,가족외식"
수다 대치점,"데이트,가족외식,회식"
수담한정식 강남점,"가족외식,회식,친구모임"
수라간,"가족외식,회식,주차가능"
수아당,"주차가능,가족외식,회식"
수작나베 석촌호수직영점,"가족외식,회식,주차가능"
수퍼 마포점,"주차가능,회식,혼밥"
숙이네조개전골 서울대입구점,"회식,가족외식,웨이팅맛집"
순대일번지,"혼밥,회식,가족외식"
순희네빈대떡,"데이트,관광맛집,혼밥"
술속의밤 가산디지털점,"데이트,무한리필, 뷔페,친구모임"
쉐프의콜렉션,"데이트,주차가능,회식"
쉐프조,"웨이팅맛집,가족외식,회식"
슈가스컬 센트럴시티점,"친구모임,데이트,가족외식"
스마일이촌떡볶이,"혼밥,데이트,친구모임"
스몰,가족외식
스시도쿠,"혼밥,가족외식,주차가능"
스시로로,"회식,가족외식,친구모임"
스시린,"혼밥,회식,주차가능"
스시온도,"혼밥,웨이팅맛집,가족외식"
스시텐 강변점,"가족외식,회식,웨이팅맛집"
스아게K,"혼밥,회식,주차가능"
스즈란테이 이촌점,"회식,혼밥,데이트"
스케줄 성수,"데이트,웨이팅맛집,회식"
스케줄 합정,"데이트,주차가능,회식"
스타사마르칸트,"친구모임,회식,혼밥"
스테이564 뉴욕스트립에디션 은평점,"가족외식,회식,주차가능"
스톤504 스테이크하우스,"가족외식,데이트,회식"
스파게티가있는풍경 광화문역점,"혼밥,회식,주차가능"
스파카나폴리,"회식,웨이팅맛집,혼밥"
승남집,"회식,데이트,가족외식"
시골집,"데이트,가족외식,친구모임"
시그니엘서울 비채나,"웨이팅맛집,가족외식,데이트"
시추안하우스 삼성점,"친구모임,회식,주차가능"
신가네왕코등갈비 본점,"친구모임,데이트,회식"
신간짬뽕,"웨이팅맛집,가족외식,회식"
신강양꼬치,
신고집해물찜 화곡점,"가족외식,데이트,친구모임"
신기루황소곱창구이,"데이트,웨이팅맛집,친구모임"
신도림이도식당,"혼밥,회식,웨이팅맛집"
신도림참족발 신도림점,"회식,혼밥,가족외식"
신동궁감자탕뼈숯불구이 선릉직영점,"웨이팅맛집,혼밥,회식"
신동궁감자탕뼈숯불구이 역삼직영점,"회식,혼밥,가족외식"
신림춘천집 구로디지털직영점,"회식,주차가능,가족외식"
신림춘천집 본점,"회식,가족외식,혼밥"
신미경의정통춘천닭갈비,"혼밥,회식,가족외식"
신미식당,"혼밥,회식,주차가능"
신바야시 쇼쿠도,"혼밥,웨이팅맛집,가족외식"
신사펍 이수점,"데이트,친구모임,가족외식"
신선설농탕 광나루역점,"가족외식,회식,주차가능"
신선회수산 신도림점,"가족외식,회식,주차가능"
신숙,"회식,혼밥,가족외식"
신의주찹쌀순대,"가족외식,회식,주차가능"
신이주신선물오리고기,"가족외식,친구모임,데이트"
신천생태,"회식,가족외식,주차가능"
신촌수제비,"혼밥,주차가능,관광맛집"
신촌형제갈비,"가족외식,회식,주차가능"
쌍대포 본점,"회식,혼밥,데이트"
아건 이대점,"가족외식,회식,주차가능"
아경면선 이촌점,"주차가능,가족외식,회식"
아구랜드 방배점,"가족외식,친구모임,회식"
아로이타이,"가족외식,주차가능,웨이팅맛집"
아루히 니와,"웨이팅맛집,데이트,회식"
아리산채,"주차가능,가족외식,회식"
아리차이 신림점,"가족외식,주차가능,친구모임"
아베베베이커리 서울,"가족외식,회식,주차가능"
아웃닭 연신내점,"데이트,친구모임,회식"
아웃백스테이크하우스 센트럴시티점,"혼밥,가족외식,친구모임"
아임도넛 성수점,"웨이팅맛집,회식,데이트"
아쥬드블레,주차가능
아차산닭한마리,"친구모임,혼밥,가족외식"
아키야마 성수본점,"데이트,주차가능,가족외식"
아향부 본점,"무한리필, 뷔페,가족외식,회식"
아현닭발,"회식,가족외식,친구모임"
아현동간장게장,"웨이팅맛집,데이트,친구모임"
악어떡볶이,"가족외식,회식,주차가능"
안동반점,"가족외식,회식,주차가능"
안동장,"회식,가족외식,웨이팅맛집"
안동집,"가족외식,회식,주차가능"
안식레스토랑,"데이트,웨이팅맛집,가족외식"
안주마을,"회식,웨이팅맛집,혼밥"
알라프리마,"웨이팅맛집,혼밥,데이트"
알부자 강남본점,"친구모임,회식,웨이팅맛집"
압구정공주떡,"주차가능,가족외식,회식"
압구정면옥,"가족외식,회식,주차가능"
앗싸복만두,웨이팅맛집
애리꼼닭발,"웨이팅맛집,데이트,가족외식"
애성회관,"혼밥,회식,가족외식"
애슐리퀸즈 잠실롯데캐슬점,"회식,혼밥,가족외식"
애정마라샹궈 본점,"데이트,회식,가족외식"
애플하우스 이수,"주차가능,회식,가족외식"
앰배서더서울풀만 더킹스,"무한리필, 뷔페,회식,혼밥"
야끼소바 니주마루,"회식,웨이팅맛집,혼밥"
야마타니우동,"웨이팅맛집,혼밥,주차가능"
양대포,"무한리필, 뷔페,회식,혼밥"
양미옥 남대문점,"회식,주차가능,관광맛집"
양양집 구의점,"가족외식,친구모임,회식"
양인환대,"웨이팅맛집,회식,데이트"
양인환대 양재점,"웨이팅맛집,회식,주차가능"
양지식당,"회식,혼밥,주차가능"
양키스그릴 문래점,"데이트,웨이팅맛집,주차가능"
양키스버거앤피자,"데이트,혼밥,친구모임"
양키통닭,"웨이팅맛집,회식,가족외식"
양평회관,"회식,가족외식,친구모임"
어글리베이커리,"회식,혼밥,웨이팅맛집"
어머니대성집,"주차가능,가족외식,회식"
어메이징농카이,"혼밥,가족외식,회식"
어부사시가,"혼밥,회식,가족외식"
어울림,"주차가능,가족외식,회식"
억조,"가족외식,회식,주차가능"
엄용백돼지국밥 종각점,"혼밥,회식,가족외식"
에베레스트 동대문점,"가족외식,회식,주차가능"
에베레스트커리월드 레스토랑,"관광맛집,데이트,가족외식"
엘따뻬오,"데이트,관광맛집"
엘리스리틀이태리,"데이트,주차가능,가족외식"
여로집 본관,"가족외식,회식,주차가능"
여신족발,"회식,혼밥,웨이팅맛집"
여우골 신촌점,"혼밥,가족외식,회식"
여의도떡방,"가족외식,관광맛집"
연교,"회식,혼밥,주차가능"
연어초밥,가족외식
연탄부락 잠실새내점,"회식,친구모임,가족외식"
연탄불생고기,웨이팅맛집
영동삼미숯불갈비,"관광맛집,회식,주차가능"
영동설렁탕,"주차가능,가족외식,회식"
영미오리탕 군자점,"회식,주차가능,가족외식"
영일분식,"혼밥,회식,데이트"
영천영화 청담점,"회식,가족외식,주차가능"
영춘옥,"데이트,가족외식,회식"
예술상회,"혼밥,회식,웨이팅맛집"
예향정 노원점,"혼밥,가족외식,회식"
옛날농장 논현점,"회식,혼밥,가족외식"
옛날마차,"회식,웨이팅맛집,데이트"
옛날맛짜장,"친구모임,가족외식,회식"
옛날순대,"혼밥,회식,관광맛집"
옛날중국집,"가족외식,회식,주차가능"
옛날칼국수,"가족외식,회식,주차가능"
옛집국수,"데이트,주차가능,혼밥"
오근내2닭갈비,"주차가능,가족외식,회식"
오늘,"회식,주차가능,데이트"
오레노라멘 송파점,"웨이팅맛집,혼밥,회식"
오레노라멘 인사점,"데이트,웨이팅맛집,혼밥"
오레노라멘 합정본점,"웨이팅맛집,회식,주차가능"
오레노카츠 성수본점,"가족외식,회식,주차가능"
오미닭강정,"회식,가족외식,주차가능"
오복함흥냉면,"데이트,가족외식,회식"
오사카로,"관광맛집,가족외식,혼밥"
오월의김밥,"웨이팅맛집,가족외식,회식"
오월의종 타임스퀘어점,"가족외식,회식,주차가능"
오장동함흥냉면,"웨이팅맛집,가족외식,회식"
오장동흥남집 본점,"가족외식,회식,웨이팅맛집"
오죽이네,"회식,혼밥,가족외식"
오첨지,"가족외식,친구모임,회식"
오코다리 방배점,"가족외식,회식,주차가능"
오향가 가락본점,"회식,혼밥,친구모임"
옥경이네건생선,"주차가능,가족외식,회식"
옥동식 서교점,"웨이팅맛집,회식,혼밥"
옥자회관,"혼밥,회식,웨이팅맛집"
옥천옥,"주차가능,가족외식,회식"
옥천집,"혼밥,가족외식,주차가능"
옥토끼제면소,"주차가능,혼밥,가족외식"
온달왕돈까스,혼밥
온량,"데이트,가족외식,회식"
온미동,"혼밥,회식,웨이팅맛집"
온정돈까스 본점,"주차가능,회식,가족외식"
온천집 익선,"데이트,친구모임,웨이팅맛집"
올드문래,"데이트,주차가능,친구모임"
올디스타코,"데이트,웨이팅맛집,혼밥"
올라아보 이수본점,"회식,주차가능,가족외식"
옷살 서울대입구본점,"주차가능,가족외식,회식"
와글와글족발,"데이트,관광맛집"
완차이,"관광맛집,회식,혼밥"
왕십리 수상한막창,"회식,웨이팅맛집,주차가능"
왕십리 육감식당 본점,"데이트,가족외식,친구모임"
왕십리닭내장탕,"가족외식,회식,주차가능"
왕십리맛나곱창,"웨이팅맛집,데이트,가족외식"
왕십리조개창고,"무한리필, 뷔페,회식"
왕엄마김밥,"가족외식,관광맛집,웨이팅맛집"
왕재,"회식,주차가능,데이트"
외백,"가족외식,친구모임,회식"
요비,"데이트,가족외식,회식"
용가회전훠궈 건대점,"회식,무한리필, 뷔페,혼밥"
용두동복집,"회식,가족외식,주차가능"
용산삼계탕,"친구모임,가족외식,회식"
용산양꼬치,"회식,가족외식,주차가능"
우동가게,"혼밥,가족외식,회식"
우동가조쿠,"혼밥,회식,웨이팅맛집"
우동카덴 합정점,"회식,웨이팅맛집,가족외식"
우래옥 본점,"회식,가족외식,웨이팅맛집"
우리도한번잘구워보세 공항동점,"회식,친구모임,가족외식"
우리맛금일푸른바다,"혼밥,회식"
우리바다수산,"혼밥,회식,웨이팅맛집"
우리집만두 선릉본점,"회식,주차가능,가족외식"
우미학 압구정 본점,"혼밥,회식,가족외식"
우부래도 베지찬,"주차가능,혼밥,가족외식"
우와 홍대본점,"회식,가족외식,웨이팅맛집"
우정,"회식,관광맛집,혼밥"
우정식당,"관광맛집,회식,데이트"
우정양곱창,"주차가능,가족외식,회식"
운봉산장,"웨이팅맛집,혼밥,회식"
울프강스테이크하우스 청담점,"주차가능,데이트,가족외식"
움프,"데이트,친구모임,회식"
원조동글갈비,"가족외식,회식,주차가능"
원조두꺼비집불오징어,"회식,가족외식,주차가능"
원조만선호프 노가리체인본점,회식
원조민속순대타운,"가족외식,주차가능,회식"
원조복순이민속촌,"웨이팅맛집,주차가능,가족외식"
원조사철냉면,"관광맛집,주차가능,혼밥"
원조소금구이,"주차가능,회식,가족외식"
원조수구레,"데이트,웨이팅맛집"
원조은평감자국,"가족외식,회식,주차가능"
원조조박집 본관,"주차가능,회식,가족외식"
월래순교자관,"가족외식,회식,주차가능"
위안바오,"회식,웨이팅맛집,혼밥"
유닭스토리 닭한마리 신촌점,"혼밥,데이트,친구모임"
유래회관,"가족외식,주차가능,회식"
유소바,"가족외식,회식,혼밥"
유정우함흥냉면,"관광맛집,혼밥,친구모임"
유즈라멘 서울역본점,"혼밥,회식,주차가능"
유진식당,
유진짬뽕,"관광맛집,회식,혼밥"
육갑식당 당산점,"회식,가족외식,주차가능"
육갑식당 잠원직영점,"회식,가족외식,주차가능"
육일관 본점,"친구모임,데이트,회식"
육전식당 4호점,"회식,가족외식,친구모임"
육전식당 신설본점,"가족외식,회식,웨이팅맛집"
육지,
육통령 교대직영점,"회식,친구모임,데이트"
육화식당,"회식,가족외식,혼밥"
육회자매집 본점1호점,"회식,주차가능,혼밥"
윤달오리전문점,"주차가능,가족외식,회식"
윤휘식당,"혼밥,데이트,회식"
은성순대국,"관광맛집,혼밥,데이트"
은주정,"회식,데이트,가족외식"
은행골 본점신관,"가족외식,회식,주차가능"
은희네온집닭떡볶이,"혼밥,회식,가족외식"
을밀대 강남점,"가족외식,회식,주차가능"
을밀대 본점,"웨이팅맛집,주차가능,가족외식"
을지깐깐 을지로본점,"웨이팅맛집,주차가능,가족외식"
을지로 산수갑산 을지로점,"가족외식,회식,웨이팅맛집"
이남장 본점,"가족외식,회식,주차가능"
이남장 삼성점,"회식,가족외식,혼밥"
이남장 서초점,"회식,주차가능,데이트"
이대성의진면목,"회식,혼밥,가족외식"
이도곰탕 본점,"혼밥,회식,주차가능"
이문설농탕,"웨이팅맛집,회식,주차가능"
이비가짬뽕 대치본점,"혼밥,가족외식,회식"
이빠네마그릴,"무한리필, 뷔페,데이트,가족외식"
이여곰탕,"혼밥,가족외식,회식"
이요이요스시 공덕1호점,"혼밥,웨이팅맛집,데이트"
이이네,"혼밥,회식,가족외식"
이이요,"데이트,혼밥,웨이팅맛집"
이조보쌈집,"혼밥,회식,가족외식"
이조식당,"가족외식,웨이팅맛집,혼밥"
이차돌 신설동점,"주차가능,회식,가족외식"
이층고깃집 강남구청역점,"회식,혼밥,친구모임"
이치젠,"관광맛집,웨이팅맛집,회식"
이태리국시 성수,"데이트,웨이팅맛집,친구모임"
이한스시,"데이트,가족외식,웨이팅맛집"
이현우스시,"회식,혼밥,데이트"
이화만두,"회식,혼밥,가족외식"
인근주민 상도점,"친구모임,회식,가족외식"
인량 훠궈,"회식,웨이팅맛집,혼밥"
인사동마늘보쌈,"회식,혼밥,가족외식"
인사동수제비,회식
인생한우,"회식,관광맛집,주차가능"
일등식당,"주차가능,가족외식,회식"
일로,"가족외식,혼밥,관광맛집"
일미락 상암점,"회식,가족외식,주차가능"
일미장어,"혼밥,가족외식,친구모임"
일미집,"가족외식,회식,주차가능"
일미집 영등포점,"주차가능,가족외식,관광맛집"
일번지육개장,"회식,혼밥,친구모임"
일번지호프,"주차가능,가족외식,회식"
일상정원 서울역점,"데이트,회식,혼밥"
일상정원 센트럴시티점,"데이트,가족외식,회식"
일일향 압구정1호점,"가족외식,웨이팅맛집,데이트"
일진아구찜,"주차가능,데이트,가족외식"
일품진진수라 광화문점,"가족외식,회식,주차가능"
일품진진수라 선릉점,"회식,혼밥,가족외식"
임병주 산동칼국수,"주차가능,회식,가족외식"
임뻬라또,"가족외식,회식,혼밥"
자연도소금빵 in성수,"주차가능,가족외식,회식"
자인뭉티기,"회식,데이트,혼밥"
작은공간,"주차가능,가족외식,회식"
잔치잔치,"가족외식,웨이팅맛집"
장가,"가족외식,회식,주차가능"
장가구,"회식,가족외식,주차가능"
장군집 양평동본점,"회식,가족외식,주차가능"
장독대,"관광맛집,회식,주차가능"
장모족발 서울1호점,"회식,가족외식,친구모임"
장성양갈비 송정점,"가족외식,회식,데이트"
장순루,"혼밥,가족외식,친구모임"
장어구이,가족외식
장원닭한마리,"데이트,가족외식,회식"
장인닭갈비 홍대점,"혼밥,친구모임,데이트"
장충당 역촌점,"웨이팅맛집,주차가능"
쟝블랑제리,"혼밥,가족외식,회식"
전주전집,"주차가능,회식,가족외식"
정,가족외식
정담은보쌈 신림점,"가족외식,친구모임,회식"
정돈,"가족외식,혼밥,데이트"
정순함박 잠실본점,"회식,혼밥,주차가능"
정원레스토랑 어반가든,"데이트,혼밥,가족외식"
정육면체,혼밥
정진식당,"회식,가족외식,주차가능"
제스티살룬 성수,"주차가능,데이트,가족외식"
제일곱창 본점,"회식,혼밥,가족외식"
제일족발곱창,"관광맛집,친구모임,가성비"
제임스키친,"데이트,혼밥,가족외식"
제주도로담,회식
제주상회,"주차가능,회식,가족외식"
젠제로,웨이팅맛집
조가네갑오징어 사당점,"회식,가족외식,친구모임"
조대포 남영본점,"웨이팅맛집,회식,가족외식"
조박사토종순대국,데이트
조연탄,"가족외식,친구모임,웨이팅맛집"
조조칼국수 성수점,"회식,가족외식,주차가능"
종가만두,"데이트,회식,혼밥"
종로곱창철판닭갈비,"회식,데이트,관광맛집"
종로도담,"회식,데이트,혼밥"
주식,관광맛집
준이네당산양꼬치,"가족외식,회식,주차가능"
중경식객,"무한리필, 뷔페,혼밥,회식"
중국소흘,"혼밥,회식,웨이팅맛집"
중림장,"주차가능,가족외식,회식"
중앙해장,"회식,주차가능,가족외식"
중화백반 교대점,"가족외식,회식,주차가능"
중화백반 구디직영점,"회식,혼밥,웨이팅맛집"
중화복춘 연남공원,"주차가능,가족외식,회식"
중화요리팔공,"웨이팅맛집,회식,혼밥"
중화일상,"친구모임,가족외식,회식"
줘마양다리구이 본점,"친구모임,회식,웨이팅맛집"
쥬뗑뷔뜨,"주차가능,가족외식,회식"
쥬벤쿠바,"데이트,혼밥,가족외식"
즉석우동짜장,"가족외식,혼밥,회식"
지아니스나폴리 역삼점,"주차가능,웨이팅맛집,회식"
진가와 여의도점,"회식,데이트,가족외식"
진고개,"혼밥,회식,가족외식"
진곱창,"회식,가족외식,친구모임"
진대감 서초점,"회식,가족외식,주차가능"
진대감 선릉점,"회식,가족외식,데이트"
진대감 역삼점,"회식,혼밥,데이트"
진동둔횟집,"데이트,회식,웨이팅맛집"
진미식당,"웨이팅맛집,가족외식,회식"
진미옥설농탕 본점,"회식,주차가능,혼밥"
진미평양냉면 별관,"주차가능,가족외식,회식"
진미평양냉면 본관,"주차가능,가족외식,친구모임"
진성만두 망원본점,"관광맛집,주차가능,가족외식"
진스시,"회식,혼밥,주차가능"
진옥화할매원조닭한마리 본점,"가족외식,회식,주차가능"
진원소우 잠실새내점,"무한리필, 뷔페,혼밥,회식"
진작,"주차가능,데이트,회식"
진전복삼계탕 강남구청점,"회식,혼밥,가족외식"
진주집,"주차가능,회식,가족외식"
진주회관,"회식,혼밥,가족외식"
진중 우육면관 본점,"회식,웨이팅맛집,관광맛집"
진지아,"가족외식,회식,혼밥"
진진,"웨이팅맛집,가족외식,회식"
진진만두 여의도점,"회식,혼밥,친구모임"
진진수라 여의도점,"가족외식,친구모임,회식"
짱구네야끼만두,"관광맛집,혼밥,회식"
쭈꾸미달인 노원직영점,"회식,가족외식,주차가능"
쭈꾸미도사 잠실새내점,"친구모임,회식,주차가능"
쯔루하시후게츠 명동점,"웨이팅맛집,회식,혼밥"
찌마기 구의점,"가족외식,혼밥,회식"
차돌집,"회식,가족외식,혼밥"
참새방앗간,"가족외식,친구모임,회식"
참치공방 종각본,"무한리필, 뷔페,회식,데이트"
참토우 구의점,"회식,가족외식,친구모임"
창고43 강남점,"가족외식,회식,웨이팅맛집"
창고43 본점,"회식,데이트,가족외식"
창신동매운족발 본점,"가족외식,회식,주차가능"
처가집,"가족외식,회식,주차가능"
천진분식,"혼밥,회식,친구모임"
천하무족,친구모임
천향원,"무한리필, 뷔페,가족외식,회식"
천희양꼬치,"회식,가족외식,친구모임"
철길떡볶이,"주차가능,가족외식,회식"
철산장,"회식,혼밥,데이트"
첫번째순대국집,"주차가능,가족외식,회식"
청년밥상문간 낙성대점,"혼밥,웨이팅맛집,무한리필, 뷔페"
청담나인,"데이트,웨이팅맛집,주차가능"
청량리고향집 본점,"회식,가족외식,주차가능"
청량함박,"데이트,주차가능,관광맛집"
청류벽,"회식,가족외식,웨이팅맛집"
청사초롱,"가족외식,친구모임,회식"
청어람 망원점,
청와옥 군자역직영점,"회식,가족외식,주차가능"
청와옥 본사직영학동점,"웨이팅맛집,혼밥,가족외식"
청와옥 사당직영점,"회식,가족외식,주차가능"
청와옥 을지로3가직영점,"가족외식,회식,주차가능"
청정활어회직판장,"웨이팅맛집,관광맛집,데이트"
청진옥,주차가능
청초수물회섭국 강남점,"가족외식,회식,관광맛집"
청학동냉면,"주차가능,가족외식,회식"
체부동잔치집,"친구모임,데이트,가족외식"
초대창 잠실새내점,"데이트,회식,가족외식"
초밥아저씨,"웨이팅맛집,혼밥,회식"
초와밥,"가족외식,회식,데이트"
초한초마,"회식,가족외식,웨이팅맛집"
최강금돈까스,"혼밥,웨이팅맛집,회식"
최원석의돼지한판 광장점,"가족외식,회식,주차가능"
쵸이닷,"웨이팅맛집,주차가능,회식"
쵸이양식,"가족외식,혼밥,데이트"
추천해꼬막짬뽕,"회식,혼밥,주차가능"
춘천옥,"혼밥,가족외식,회식"
춘천집닭갈비막국수 신촌,"가족외식,회식,주차가능"
춘향미엔 왕십리점,"웨이팅맛집,혼밥,관광맛집"
충무로쭈꾸미불고기 본점,"웨이팅맛집,주차가능,회식"
충무칼국수,"혼밥,가족외식,웨이팅맛집"
치즈룸,"가족외식,웨이팅맛집,회식"
치치 성신여대점,"데이트,친구모임"
친구네정육식당 보라매점,"친구모임,회식,가족외식"
카멜리온,"회식,가족외식,주차가능"
카모메 한양대점,"혼밥,주차가능,가족외식"
카와카츠 본점,"회식,가족외식,주차가능"
칸다소바 경복궁점,"회식,주차가능,혼밥"
칸다소바 혜화점,"혼밥,회식,웨이팅맛집"
칼포니치킨 신대방점,회식
컴포 신도림점,"회식,주차가능,무한리필, 뷔페"
코끼리베이글,"혼밥,회식,데이트"
콩이네분식,"관광맛집,회식,주차가능"
쿠우쿠우 연신내점,"무한리필, 뷔페,주차가능,회식"
쿠촐로서울,"데이트,친구모임,웨이팅맛집"
크라이치즈버거 삼성역점,"혼밥,데이트,회식"
크라이치즈버거 상암점,"가족외식,회식,주차가능"
크라이치즈버거 숭실대점,"가족외식,회식,주차가능"
크라이치즈버거 양재역점,"가족외식,회식,주차가능"
크래버대게나라 강남점,"가족외식,친구모임,데이트"
크래버대게나라 서초점,"웨이팅맛집,혼밥,회식"
크래프트아일랜드 잠실점 본관,"회식,혼밥,데이트"
크레이지카츠,"가족외식,회식,웨이팅맛집"
크루통,가족외식
크리스탈제이드 상하이팰리스 잠원점,"가족외식,친구모임,회식"
킷사서울,"주차가능,데이트,가족외식"
킹 수제만두,"주차가능,가족외식,회식"
타오마라탕 합정본점,"웨이팅맛집,회식,가족외식"
탐라도야지,"회식,주차가능,가족외식"
태국식당356,"회식,가족외식,주차가능"
태극당,"가족외식,회식,주차가능"
태능감자탕 노원본점,"회식,가족외식,주차가능"
태조감자국,"웨이팅맛집,가족외식,회식"
태천면옥,"가족외식,회식,주차가능"
태향,"회식,가족외식,웨이팅맛집"
털보고된이 본점,"혼밥,가족외식,회식"
털보네떡꼬치,"회식,가족외식,친구모임"
테라스,"웨이팅맛집,친구모임,관광맛집"
텍사스데브라질 센트럴시티점,"혼밥,회식,웨이팅맛집"
텍사스데브라질 압구정점,"회식,주차가능,무한리필, 뷔페"
텐동요츠야,"혼밥,회식,주차가능"
텐동한,"혼밥,데이트,가족외식"
토가라시,"혼밥,회식,웨이팅맛집"
토속촌삼계탕,"가족외식,회식,주차가능"
톡톡,
통영집,"웨이팅맛집,관광맛집,가족외식"
통영해물가 가산2호점,"회식,가족외식,주차가능"
통큰갈비 신촌본점,"무한리필, 뷔페,친구모임,회식"
투떰즈업,"혼밥,회식,웨이팅맛집"
튀김아저씨,"가족외식,회식,주차가능"
틸란,데이트
팀호완 삼성점,"주차가능,회식,가족외식"
파네트,"친구모임,웨이팅맛집"
파동추야,"데이트,회식"
파르투내,"가족외식,회식,주차가능"
파스타공작소,"웨이팅맛집,회식,가족외식"
파크루안 역삼점,"친구모임,회식,데이트"
파파브레드,"웨이팅맛집,가족외식,회식"
팔당닭발,"회식,주차가능,혼밥"
팔당족발,"회식,가족외식,주차가능"
팔백집 본점,"회식,주차가능,가족외식"
팔월잔칫날,"회식,가족외식,주차가능"
팔팔감자탕,"회식,가족외식,주차가능"
페르시안궁전,웨이팅맛집
편백집 아현점,"회식,혼밥,가족외식"
평안도만두집,"회식,주차가능,가족외식"
평안도족발집,"주차가능,회식,가족외식"
평양냉면 본점,"회식,가족외식,주차가능"
평양면옥,"가족외식,회식,주차가능"
평양면옥 본점,"가족외식,회식,혼밥"
평양집,"회식,주차가능,가족외식"
평이담백뼈칼국수,"회식,혼밥,데이트"
포남딘,"관광맛집,가족외식,회식"
포썸,"회식,관광맛집"
포천메밀냉면,"데이트,가족외식,주차가능"
폴앤폴리나 여의도점,"가족외식,회식,주차가능"
푸주옥,"가족외식,혼밥,회식"
푸줏간생고기점,"데이트,친구모임,무한리필, 뷔페"
풍년닭도리탕,"회식,가족외식,주차가능"
풍년뼈다귀해장국,"주차가능,데이트,가족외식"
풍년상회,"회식,주차가능,가족외식"
풍년집 선릉점,"회식,혼밥,친구모임"
풍미연,"가족외식,주차가능,회식"
프레고피자,"회식,데이트,웨이팅맛집"
프로간장게장 신사본점,"주차가능,가족외식,회식"
프리모바치오바치 홍대본점,"주차가능,가족외식,회식"
플로렌스 오목교점,"주차가능,가족외식,회식"
피그백 화곡본점,친구모임
피에프창 롯데월드몰점,"데이트,친구모임,가족외식"
피자느반 대치본점,"회식,주차가능,가족외식"
피제리아라고,"데이트,회식,혼밥"
필동면옥,"회식,가족외식,웨이팅맛집"
핏제리아오,"데이트,웨이팅맛집,가족외식"
하단,"가족외식,회식,주차가능"
하동관 명동본점,"주차가능,가족외식,회식"
하동관 코엑스몰직영점,"혼밥,웨이팅맛집,친구모임"
하동진,"관광맛집,혼밥,회식"
하우스오브신세계,"가족외식,회식,주차가능"
하이디라오 가산점,"회식,웨이팅맛집,가족외식"
하이디라오 강남점,"회식,가족외식,웨이팅맛집"
하이디라오 건대점,"웨이팅맛집,회식,가족외식"
하이디라오 대학로점,"웨이팅맛집,회식,주차가능"
하이디라오 홍대지점,"회식,혼밥,웨이팅맛집"
하이보 삼성점,"회식,가족외식,친구모임"
하트타임,"회식,혼밥,데이트"
한가람 본점,"친구모임,가족외식,혼밥"
한강손만두,"관광맛집,데이트,혼밥"
한담,"회식,가족외식,주차가능"
한상가득왕솥뚜껑 상암본점,"회식,친구모임,가족외식"
한상차림밥상,"회식,가족외식,주차가능"
한성대양꼬치,"웨이팅맛집,회식,혼밥"
한성돈까스,"회식,혼밥,웨이팅맛집"
한성양갈비양꼬치 교대점,"데이트,회식,가족외식"
한스즉석떡볶이 중곡1호점,혼밥
한신치킨호프,"혼밥,데이트,회식"
한옥집김치찜 서대문본점,"주차가능,회식,가족외식"
한우정육마당 구로점,"혼밥,회식,가족외식"
한우짝갈비살,주차가능
한일관 압구정점,"혼밥,가족외식,주차가능"
한입소반 숙대본점,"혼밥,회식,웨이팅맛집"
한잔의추억,"가족외식,회식,주차가능"
한티옥,"회식,주차가능,가족외식"
할매재첩국,"주차가능,가족외식,회식"
할머니냉면,"주차가능,가족외식,회식"
할머니의레시피,"주차가능,회식,가족외식"
할아버지손칼국수,"관광맛집,가족외식,회식"
함경도찹쌀순대,"회식,주차가능,가족외식"
함흥냉면,"주차가능,가족외식,회식"
해담채 강남점,"회식,주차가능,가족외식"
해담채 남부터미널점,"회식,주차가능,혼밥"
해목,"웨이팅맛집,혼밥,회식"
해주냉면,"주차가능,가족외식,회식"
행복한우,"가족외식,친구모임,회식"
행복한점,"혼밥,주차가능,회식"
행운돈까스,"가족외식,회식,주차가능"
향동가,"가족외식,주차가능,혼밥"
향미숯불양꼬치 중곡본점,데이트
허머스키친 삼성점,"데이트,회식,혼밥"
허브족발,"데이트,가족외식,회식"
허수아비돈까스,"혼밥,회식,가족외식"
허심탄회,"친구모임,가족외식,회식"
헤라클레스,
헤키,"회식,혼밥,가족외식"
현선이네 용산본점,"가족외식,회식,주차가능"
현우동,"주차가능,회식,가족외식"
형제곱창,"웨이팅맛집,가족외식,친구모임"
형제특수부위,"회식,가족외식,주차가능"
혜성칼국수,"혼밥,웨이팅맛집"
혜화도담,"회식,주차가능,가족외식"
혜화돌쇠아저씨,"주차가능,데이트,가족외식"
혜화칼국수,"주차가능,가족외식,회식"
호랑이김밥,"가족외식,회식,웨이팅맛집"
호반,"회식,혼밥,웨이팅맛집"
호수집 원조닭꼬치,"회식,주차가능,혼밥"
호신각,"회식,혼밥,가족외식"
호앙혼,"데이트,혼밥,가족외식"
호왕 서래본점,"혼밥,가족외식,친구모임"
호요,"데이트,회식,혼밥"
호우양꼬치 이수점,"가족외식,친구모임,회식"
호호식당 대학로점,"웨이팅맛집,주차가능,가족외식"
혼미 상도직영점,"친구모임,데이트,가족외식"
홍대 조선시대,"데이트,친구모임,가족외식"
홍릉각,"회식,주차가능,가족외식"
홍명,"데이트,회식,혼밥"
홍스쭈꾸미 홍대본점,"혼밥,회식"
화곡영양족발,"회식,가족외식,주차가능"
화기애애 본점,"데이트,친구모임,회식"
화목순대국,"회식,주차가능,가족외식"
화목순대국 광화문1호점,"회식,혼밥,웨이팅맛집"
화반 방이점,"회식,웨이팅맛집,가족외식"
화상손만두 낙성대점,"데이트,가족외식,회식"
화양연가,"회식,웨이팅맛집,데이트"
화이트리에 반포본점,"가족외식,회식,주차가능"
화포식당 노원점,"회식,가족외식,친구모임"
황가네촌전원일기,"회식,가족외식,주차가능"
황금콩밭,"회식,가족외식,웨이팅맛집"
황도바지락칼국수,"회식,가족외식,주차가능"
황새골,"친구모임,가족외식,회식"
황생가칼국수,"웨이팅맛집,회식,주차가능"
황재벌,"회식,웨이팅맛집,가족외식"
황평집,"혼밥,회식,무한리필, 뷔페"
효뜨,"회식,웨이팅맛집,주차가능"
후니도니,"회식,혼밥,웨이팅맛집"
후발대 잠실직영점,"웨이팅맛집,가족외식,친구모임"
후토,"주차가능,데이트,친구모임"
훈춘양꼬치 1호점,"데이트,친구모임,회식"
훼미리손칼국수보쌈,"혼밥,관광맛집,데이트"
희락갈치,"관광맛집,가족외식,회식"
희락돈까스,"관광맛집,데이트,가족외식"
희옥,"혼밥,웨이팅맛집,회식"
힘찬갯벌낙지,회식
힘찬풍천장어,"가족외식,회식,주차가능"
